id,text,label
1,I would not recommend this phone. Overpriced quality and bad value.,negative
2,"Loved the app, fantastic experience from start to finish.",positive
3,"It is an ordinary restaurant, neither good nor bad. Support replied in a day.",neutral
4,Worst game I have used this year. Simply unreliable. Very slow and buggy.,negative
5,I would not recommend this camera. Useless quality and bad value. Customer service ignored me.,negative
6,I would highly recommend this camera. Impressive quality and great value. Delivered on time.,positive
7,Very unhappy with the app. It is frustrating and a waste of money. One star only.,negative
8,"It is an average book, neither good nor bad.",neutral
9,"This game is wonderful, I absolutely love it! Five stars!",positive
10,"The laptop was ordinary, about what I expected for the price. Delivery took a few days.",neutral
11,"This restaurant is useless, I regret buying it. Arrived late and damaged.",negative
12,"This app is dreadful, I regret buying it.",negative
13,"The online course is so-so, nothing special but nothing wrong either. Might try alternatives.",neutral
14,The customer support team exceeded my expectations. Truly top-notch. Customer service was helpful too.,positive
15,Worst smartwatch I have used this year. Simply frustrating.,negative
16,"This headphones is overpriced, I regret buying it.",negative
17,"It is a so-so customer support team, neither good nor bad. Support replied in a day.",neutral
18,The headphones works as described. Overall okay. Three stars.,neutral
19,Best game I have used this year. Simply excellent. Fast and smooth.,positive
20,Very unhappy with the hotel. It is awful and a waste of money. Arrived late and damaged.,negative
21,The game did not meet my expectations. Totally useless. Very slow and buggy.,negative
22,Got the delivery service yesterday. Quality seems so-so so far.,neutral
23,Best laptop I have used this year. Simply excellent. Delivered on time.,positive
24,"Loved the customer support team, delightful experience from start to finish.",positive
25,The hotel works as described. Overall typical. Delivery took a few days.,neutral
26,"The smartwatch is typical, nothing special but nothing wrong either. Might try alternatives.",neutral
27,Worst laptop I have used this year. Simply awful.,negative
28,Very unhappy with the game. It is disappointing and a waste of money.,negative
29,I would not recommend this laptop. Terrible quality and bad value. One star only.,negative
30,The hotel exceeded my expectations. Truly top-notch. Five stars!,positive
31,Worst book I have used this year. Simply terrible. Very slow and buggy.,negative
32,Very unhappy with the movie. It is dreadful and a waste of money. One star only.,negative
33,"The restaurant was okay, about what I expected for the price. Might try alternatives.",neutral
34,What a superb game! I will definitely buy again. Customer service was helpful too.,positive
35,"Loved the customer support team, impressive experience from start to finish. Fast and smooth.",positive
36,"This book is outstanding, I absolutely love it! Delivered on time.",positive
37,What a superb movie! I will definitely buy again. Delivered on time.,positive
38,The phone did not meet my expectations. Totally dreadful.,negative
39,I would not recommend this online course. Horrible quality and bad value. Customer service ignored me.,negative
40,Best game I have used this year. Simply fantastic. Customer service was helpful too.,positive
41,Very unhappy with the game. It is useless and a waste of money.,negative
42,"Loved the coffee shop, brilliant experience from start to finish. Delivered on time.",positive
43,"It is an ordinary app, neither good nor bad. Might try alternatives.",neutral
44,"Hated the smartwatch, terrible experience from start to finish. Very slow and buggy.",negative
45,"Hated the coffee shop, horrible experience from start to finish.",negative
46,What a wonderful game! I will definitely buy again. Delivered on time.,positive
47,"The game is ordinary, nothing special but nothing wrong either. Might try alternatives.",neutral
48,"This laptop is fantastic, I absolutely love it! Delivered on time.",positive
49,"It is an acceptable phone, neither good nor bad. Might try alternatives.",neutral
50,Got the camera yesterday. Quality seems decent so far. Support replied in a day.,neutral
51,What a unreliable online course! I will never buy again. Arrived late and damaged.,negative
52,Not sure how I feel about the smartwatch. It feels standard. Three stars.,neutral
53,What a delightful hotel! I will definitely buy again. Customer service was helpful too.,positive
54,What a frustrating app! I will never buy again. Customer service ignored me.,negative
55,Best book I have used this year. Simply wonderful. Customer service was helpful too.,positive
56,Really happy with the movie. It is delightful and worth every rupee. Five stars!,positive
57,Very unhappy with the phone. It is unreliable and a waste of money. Arrived late and damaged.,negative
58,Not sure how I feel about the book. It feels so-so.,neutral
59,I would highly recommend this book. Impressive quality and great value.,positive
60,Best hotel I have used this year. Simply wonderful.,positive
61,What a top-notch restaurant! I will definitely buy again. Five stars!,positive
62,The headphones works as described. Overall decent. Delivery took a few days.,neutral
63,"This game is unreliable, I regret buying it.",negative
64,What a superb coffee shop! I will definitely buy again. Five stars!,positive
65,Very unhappy with the movie. It is awful and a waste of money.,negative
66,Best movie I have used this year. Simply amazing. Customer service was helpful too.,positive
67,"The restaurant was moderate, about what I expected for the price. Support replied in a day.",neutral
68,"This headphones is superb, I absolutely love it! Customer service was helpful too.",positive
69,I would not recommend this coffee shop. Overpriced quality and bad value. Very slow and buggy.,negative
70,The smartwatch works as described. Overall okay.,neutral
71,"The phone was okay, about what I expected for the price. Support replied in a day.",neutral
72,"The restaurant was standard, about what I expected for the price. Might try alternatives.",neutral
73,"Hated the headphones, overpriced experience from start to finish. Very slow and buggy.",negative
74,Got the restaurant yesterday. Quality seems acceptable so far. Delivery took a few days.,neutral
75,The online course did not meet my expectations. Totally terrible.,negative
76,The phone did not meet my expectations. Totally horrible. Arrived late and damaged.,negative
77,"Hated the coffee shop, disappointing experience from start to finish. Customer service ignored me.",negative
78,What a poor restaurant! I will never buy again. Very slow and buggy.,negative
79,Worst movie I have used this year. Simply disappointing. One star only.,negative
80,"This smartwatch is superb, I absolutely love it!",positive
81,The book did not meet my expectations. Totally overpriced. Very slow and buggy.,negative
82,"Loved the book, fantastic experience from start to finish. Delivered on time.",positive
83,The phone exceeded my expectations. Truly delightful. Customer service was helpful too.,positive
84,"The coffee shop was ordinary, about what I expected for the price.",neutral
85,"This delivery service is disappointing, I regret buying it. Very slow and buggy.",negative
86,"The movie is fine, nothing special but nothing wrong either.",neutral
87,"This app is impressive, I absolutely love it! Fast and smooth.",positive
88,Best delivery service I have used this year. Simply fantastic.,positive
89,I have used the smartwatch for a week. It is average. Might try alternatives.,neutral
90,Really happy with the movie. It is impressive and worth every rupee. Customer service was helpful too.,positive
91,"This restaurant is top-notch, I absolutely love it!",positive
92,"This customer support team is top-notch, I absolutely love it! Five stars!",positive
93,"The game is typical, nothing special but nothing wrong either. Might try alternatives.",neutral
94,"The smartwatch is fine, nothing special but nothing wrong either. Three stars.",neutral
95,Worst delivery service I have used this year. Simply frustrating. Arrived late and damaged.,negative
96,"Loved the online course, outstanding experience from start to finish. Customer service was helpful too.",positive
97,What a dreadful game! I will never buy again.,negative
98,Got the smartwatch yesterday. Quality seems decent so far. Three stars.,neutral
99,"Loved the smartwatch, amazing experience from start to finish. Delivered on time.",positive
100,I would highly recommend this laptop. Outstanding quality and great value. Delivered on time.,positive
101,The camera exceeded my expectations. Truly amazing. Five stars!,positive
102,Really happy with the book. It is brilliant and worth every rupee.,positive
103,"The coffee shop is moderate, nothing special but nothing wrong either.",neutral
104,What a poor delivery service! I will never buy again.,negative
105,"Loved the customer support team, excellent experience from start to finish. Five stars!",positive
106,Really happy with the smartwatch. It is wonderful and worth every rupee. Fast and smooth.,positive
107,I would not recommend this phone. Awful quality and bad value. One star only.,negative
108,"The hotel was ordinary, about what I expected for the price. Might try alternatives.",neutral
109,"This game is top-notch, I absolutely love it!",positive
110,The game exceeded my expectations. Truly outstanding.,positive
111,"It is a decent restaurant, neither good nor bad. Might try alternatives.",neutral
112,Got the movie yesterday. Quality seems ordinary so far.,neutral
113,Worst headphones I have used this year. Simply dreadful. Arrived late and damaged.,negative
114,"The restaurant is moderate, nothing special but nothing wrong either. Support replied in a day.",neutral
115,The book did not meet my expectations. Totally useless. Very slow and buggy.,negative
116,"This camera is overpriced, I regret buying it. Arrived late and damaged.",negative
117,"Loved the book, delightful experience from start to finish. Customer service was helpful too.",positive
118,I would highly recommend this movie. Wonderful quality and great value. Five stars!,positive
119,The book exceeded my expectations. Truly delightful. Customer service was helpful too.,positive
120,Worst online course I have used this year. Simply terrible. Customer service ignored me.,negative
121,"Loved the smartwatch, impressive experience from start to finish. Customer service was helpful too.",positive
122,I have used the app for a week. It is moderate. Might try alternatives.,neutral
123,The online course did not meet my expectations. Totally terrible. One star only.,negative
124,I would highly recommend this laptop. Superb quality and great value. Delivered on time.,positive
125,The customer support team exceeded my expectations. Truly impressive. Fast and smooth.,positive
126,Best camera I have used this year. Simply impressive. Customer service was helpful too.,positive
127,Really happy with the headphones. It is brilliant and worth every rupee. Fast and smooth.,positive
128,The hotel exceeded my expectations. Truly superb. Fast and smooth.,positive
129,"Hated the laptop, overpriced experience from start to finish.",negative
130,"This restaurant is terrible, I regret buying it. Very slow and buggy.",negative
131,I would highly recommend this headphones. Superb quality and great value. Five stars!,positive
132,"Hated the hotel, poor experience from start to finish. One star only.",negative
133,Best restaurant I have used this year. Simply wonderful. Fast and smooth.,positive
134,What a frustrating hotel! I will never buy again. One star only.,negative
135,"The customer support team is acceptable, nothing special but nothing wrong either. Might try alternatives.",neutral
136,"It is an average app, neither good nor bad.",neutral
137,I have used the online course for a week. It is so-so. Support replied in a day.,neutral
138,"Loved the hotel, delightful experience from start to finish. Delivered on time.",positive
139,The smartwatch exceeded my expectations. Truly excellent.,positive
140,"This book is overpriced, I regret buying it. Arrived late and damaged.",negative
141,I would highly recommend this book. Impressive quality and great value. Fast and smooth.,positive
142,Worst hotel I have used this year. Simply unreliable.,negative
143,Not sure how I feel about the phone. It feels fine. Three stars.,neutral
144,"This camera is terrible, I regret buying it. Very slow and buggy.",negative
145,Not sure how I feel about the phone. It feels okay. Support replied in a day.,neutral
146,"The online course was moderate, about what I expected for the price. Support replied in a day.",neutral
147,"It is a standard headphones, neither good nor bad. Delivery took a few days.",neutral
148,Got the phone yesterday. Quality seems typical so far. Three stars.,neutral
149,The phone did not meet my expectations. Totally dreadful. One star only.,negative
150,Best restaurant I have used this year. Simply wonderful. Five stars!,positive
151,"This hotel is disappointing, I regret buying it. Very slow and buggy.",negative
152,Got the headphones yesterday. Quality seems ordinary so far. Delivery took a few days.,neutral
153,I would not recommend this app. Dreadful quality and bad value. Customer service ignored me.,negative
154,"This hotel is dreadful, I regret buying it. Customer service ignored me.",negative
155,"Loved the camera, excellent experience from start to finish.",positive
156,"It is an ordinary smartwatch, neither good nor bad. Support replied in a day.",neutral
157,Really happy with the delivery service. It is superb and worth every rupee. Fast and smooth.,positive
158,"The phone was so-so, about what I expected for the price. Might try alternatives.",neutral
159,The coffee shop works as described. Overall okay. Three stars.,neutral
160,What a frustrating hotel! I will never buy again. Very slow and buggy.,negative
161,What a useless app! I will never buy again. Very slow and buggy.,negative
162,Very unhappy with the book. It is useless and a waste of money. Customer service ignored me.,negative
163,"Loved the smartwatch, superb experience from start to finish. Customer service was helpful too.",positive
164,Worst smartwatch I have used this year. Simply frustrating. Very slow and buggy.,negative
165,"The customer support team was okay, about what I expected for the price. Might try alternatives.",neutral
166,What a outstanding smartwatch! I will definitely buy again. Five stars!,positive
167,I would not recommend this app. Dreadful quality and bad value.,negative
168,"It is an okay game, neither good nor bad.",neutral
169,Best restaurant I have used this year. Simply superb. Five stars!,positive
170,Really happy with the phone. It is brilliant and worth every rupee. Delivered on time.,positive
171,What a superb phone! I will definitely buy again.,positive
172,Got the app yesterday. Quality seems decent so far. Delivery took a few days.,neutral
173,I would not recommend this customer support team. Overpriced quality and bad value. Customer service ignored me.,negative
174,Really happy with the phone. It is outstanding and worth every rupee. Customer service was helpful too.,positive
175,What a fantastic movie! I will definitely buy again. Delivered on time.,positive
176,"Hated the hotel, disappointing experience from start to finish.",negative
177,"Loved the camera, amazing experience from start to finish. Fast and smooth.",positive
178,The customer support team did not meet my expectations. Totally dreadful. Arrived late and damaged.,negative
179,"The game is moderate, nothing special but nothing wrong either. Might try alternatives.",neutral
180,"It is a moderate online course, neither good nor bad. Delivery took a few days.",neutral
181,The laptop works as described. Overall typical. Delivery took a few days.,neutral
182,The movie did not meet my expectations. Totally disappointing.,negative
183,Very unhappy with the hotel. It is overpriced and a waste of money. Arrived late and damaged.,negative
184,The smartwatch did not meet my expectations. Totally unreliable. Arrived late and damaged.,negative
185,Really happy with the book. It is brilliant and worth every rupee. Customer service was helpful too.,positive
186,Very unhappy with the movie. It is disappointing and a waste of money. Very slow and buggy.,negative
187,"Hated the laptop, awful experience from start to finish. Customer service ignored me.",negative
188,What a dreadful hotel! I will never buy again. Arrived late and damaged.,negative
189,"The phone is fine, nothing special but nothing wrong either. Delivery took a few days.",neutral
190,What a horrible book! I will never buy again. Arrived late and damaged.,negative
191,"The online course is typical, nothing special but nothing wrong either. Three stars.",neutral
192,Best app I have used this year. Simply impressive. Fast and smooth.,positive
193,"Loved the restaurant, superb experience from start to finish. Five stars!",positive
194,Very unhappy with the laptop. It is terrible and a waste of money.,negative
195,"The customer support team is typical, nothing special but nothing wrong either.",neutral
196,I would highly recommend this smartwatch. Outstanding quality and great value. Five stars!,positive
197,Not sure how I feel about the game. It feels typical. Support replied in a day.,neutral
198,The online course exceeded my expectations. Truly superb. Fast and smooth.,positive
199,The app did not meet my expectations. Totally overpriced. Arrived late and damaged.,negative
200,"This book is disappointing, I regret buying it. Very slow and buggy.",negative
201,Got the delivery service yesterday. Quality seems standard so far.,neutral
202,I would not recommend this online course. Frustrating quality and bad value. Very slow and buggy.,negative
203,"Hated the headphones, overpriced experience from start to finish.",negative
204,"This camera is impressive, I absolutely love it! Fast and smooth.",positive
205,The app did not meet my expectations. Totally disappointing.,negative
206,What a dreadful book! I will never buy again. Customer service ignored me.,negative
207,I would highly recommend this coffee shop. Amazing quality and great value.,positive
208,I would not recommend this book. Frustrating quality and bad value. One star only.,negative
209,Worst headphones I have used this year. Simply useless.,negative
210,Really happy with the movie. It is amazing and worth every rupee. Five stars!,positive
211,The restaurant works as described. Overall so-so. Might try alternatives.,neutral
212,"Hated the game, frustrating experience from start to finish. One star only.",negative
213,"Hated the coffee shop, unreliable experience from start to finish. Arrived late and damaged.",negative
214,Worst online course I have used this year. Simply frustrating. Arrived late and damaged.,negative
215,Not sure how I feel about the game. It feels fine.,neutral
216,"The headphones was ordinary, about what I expected for the price.",neutral
217,"Loved the online course, top-notch experience from start to finish. Delivered on time.",positive
218,"It is an okay movie, neither good nor bad.",neutral
219,"This online course is useless, I regret buying it. One star only.",negative
220,Got the camera yesterday. Quality seems decent so far. Might try alternatives.,neutral
221,What a dreadful headphones! I will never buy again. Very slow and buggy.,negative
222,I have used the delivery service for a week. It is ordinary. Support replied in a day.,neutral
223,The delivery service exceeded my expectations. Truly outstanding. Delivered on time.,positive
224,What a wonderful online course! I will definitely buy again. Five stars!,positive
225,Really happy with the coffee shop. It is delightful and worth every rupee. Delivered on time.,positive
226,"Hated the online course, useless experience from start to finish. Customer service ignored me.",negative
227,Not sure how I feel about the game. It feels so-so. Delivery took a few days.,neutral
228,The customer support team exceeded my expectations. Truly wonderful. Fast and smooth.,positive
229,I have used the smartwatch for a week. It is okay. Support replied in a day.,neutral
230,"The movie was okay, about what I expected for the price.",neutral
231,"The smartwatch is fine, nothing special but nothing wrong either. Support replied in a day.",neutral
232,"Hated the customer support team, poor experience from start to finish.",negative
233,"Hated the game, overpriced experience from start to finish. Customer service ignored me.",negative
234,"Loved the phone, brilliant experience from start to finish. Delivered on time.",positive
235,I would highly recommend this coffee shop. Excellent quality and great value. Fast and smooth.,positive
236,The delivery service did not meet my expectations. Totally dreadful. Customer service ignored me.,negative
237,The hotel exceeded my expectations. Truly amazing. Five stars!,positive
238,The delivery service works as described. Overall fine.,neutral
239,Very unhappy with the app. It is dreadful and a waste of money. One star only.,negative
240,Worst game I have used this year. Simply unreliable. One star only.,negative
241,The headphones works as described. Overall fine. Might try alternatives.,neutral
242,Very unhappy with the delivery service. It is dreadful and a waste of money. Arrived late and damaged.,negative
243,"The laptop is average, nothing special but nothing wrong either. Three stars.",neutral
244,"Hated the movie, dreadful experience from start to finish. One star only.",negative
245,Got the delivery service yesterday. Quality seems moderate so far. Delivery took a few days.,neutral
246,Not sure how I feel about the headphones. It feels okay. Delivery took a few days.,neutral
247,"This headphones is brilliant, I absolutely love it! Customer service was helpful too.",positive
248,"This online course is wonderful, I absolutely love it! Delivered on time.",positive
249,"The book was moderate, about what I expected for the price. Support replied in a day.",neutral
250,I would highly recommend this app. Superb quality and great value.,positive
251,Not sure how I feel about the laptop. It feels so-so. Three stars.,neutral
252,"This delivery service is amazing, I absolutely love it! Five stars!",positive
253,"Loved the phone, superb experience from start to finish.",positive
254,"It is an average game, neither good nor bad. Delivery took a few days.",neutral
255,"Loved the movie, amazing experience from start to finish.",positive
256,"The customer support team was acceptable, about what I expected for the price.",neutral
257,I would highly recommend this movie. Top-notch quality and great value. Five stars!,positive
258,"It is a standard app, neither good nor bad.",neutral
259,"Hated the delivery service, horrible experience from start to finish. One star only.",negative
260,Got the app yesterday. Quality seems typical so far. Support replied in a day.,neutral
261,Very unhappy with the restaurant. It is terrible and a waste of money. Very slow and buggy.,negative
262,Really happy with the movie. It is delightful and worth every rupee.,positive
263,I would highly recommend this game. Top-notch quality and great value. Delivered on time.,positive
264,"The book is ordinary, nothing special but nothing wrong either. Support replied in a day.",neutral
265,What a disappointing movie! I will never buy again. Customer service ignored me.,negative
266,Got the game yesterday. Quality seems fine so far. Might try alternatives.,neutral
267,"This game is amazing, I absolutely love it! Five stars!",positive
268,Got the app yesterday. Quality seems so-so so far. Delivery took a few days.,neutral
269,What a fantastic customer support team! I will definitely buy again. Fast and smooth.,positive
270,"Hated the coffee shop, frustrating experience from start to finish. Very slow and buggy.",negative
271,The game did not meet my expectations. Totally unreliable. Arrived late and damaged.,negative
272,"The customer support team is standard, nothing special but nothing wrong either. Three stars.",neutral
273,Not sure how I feel about the book. It feels okay.,neutral
274,"The hotel is moderate, nothing special but nothing wrong either.",neutral
275,What a horrible camera! I will never buy again. One star only.,negative
276,"Loved the book, impressive experience from start to finish.",positive
277,The delivery service works as described. Overall ordinary.,neutral
278,"It is a so-so headphones, neither good nor bad. Support replied in a day.",neutral
279,Worst headphones I have used this year. Simply overpriced. Customer service ignored me.,negative
280,"The online course is moderate, nothing special but nothing wrong either. Might try alternatives.",neutral
281,"This smartwatch is wonderful, I absolutely love it! Fast and smooth.",positive
282,I have used the laptop for a week. It is moderate. Might try alternatives.,neutral
283,The online course did not meet my expectations. Totally horrible.,negative
284,Got the phone yesterday. Quality seems acceptable so far. Delivery took a few days.,neutral
285,I would highly recommend this restaurant. Wonderful quality and great value.,positive
286,"This restaurant is excellent, I absolutely love it! Delivered on time.",positive
287,"This book is poor, I regret buying it. Customer service ignored me.",negative
288,Very unhappy with the headphones. It is disappointing and a waste of money. Arrived late and damaged.,negative
289,The customer support team did not meet my expectations. Totally poor. Customer service ignored me.,negative
290,"Loved the online course, outstanding experience from start to finish.",positive
291,I would highly recommend this online course. Delightful quality and great value. Fast and smooth.,positive
292,"Loved the camera, superb experience from start to finish.",positive
293,Worst coffee shop I have used this year. Simply terrible. Very slow and buggy.,negative
294,Not sure how I feel about the delivery service. It feels so-so. Might try alternatives.,neutral
295,The camera did not meet my expectations. Totally terrible. Arrived late and damaged.,negative
296,"This coffee shop is top-notch, I absolutely love it! Fast and smooth.",positive
297,"Loved the smartwatch, excellent experience from start to finish. Fast and smooth.",positive
298,Really happy with the book. It is brilliant and worth every rupee. Delivered on time.,positive
299,Very unhappy with the delivery service. It is horrible and a waste of money. Arrived late and damaged.,negative
300,Best delivery service I have used this year. Simply brilliant. Fast and smooth.,positive
301,"Loved the game, superb experience from start to finish. Delivered on time.",positive
302,"Loved the online course, fantastic experience from start to finish. Customer service was helpful too.",positive
303,Worst delivery service I have used this year. Simply unreliable. Customer service ignored me.,negative
304,"This restaurant is wonderful, I absolutely love it! Delivered on time.",positive
305,I would highly recommend this online course. Amazing quality and great value. Delivered on time.,positive
306,Not sure how I feel about the phone. It feels standard. Delivery took a few days.,neutral
307,Worst customer support team I have used this year. Simply useless. Very slow and buggy.,negative
308,Worst book I have used this year. Simply awful. Arrived late and damaged.,negative
309,The book works as described. Overall standard. Delivery took a few days.,neutral
310,Got the smartwatch yesterday. Quality seems average so far.,neutral
311,The laptop did not meet my expectations. Totally awful. Arrived late and damaged.,negative
312,The restaurant exceeded my expectations. Truly outstanding. Delivered on time.,positive
313,I would highly recommend this phone. Outstanding quality and great value. Fast and smooth.,positive
314,I would not recommend this hotel. Poor quality and bad value. Customer service ignored me.,negative
315,"The restaurant is ordinary, nothing special but nothing wrong either. Might try alternatives.",neutral
316,"The app was standard, about what I expected for the price. Three stars.",neutral
317,Very unhappy with the book. It is overpriced and a waste of money.,negative
318,Worst laptop I have used this year. Simply poor. Very slow and buggy.,negative
319,The app did not meet my expectations. Totally awful. One star only.,negative
320,"Hated the hotel, awful experience from start to finish. Customer service ignored me.",negative
321,"The coffee shop is ordinary, nothing special but nothing wrong either. Might try alternatives.",neutral
322,Got the smartwatch yesterday. Quality seems okay so far. Support replied in a day.,neutral
323,I would highly recommend this camera. Wonderful quality and great value. Customer service was helpful too.,positive
324,What a useless laptop! I will never buy again. Very slow and buggy.,negative
325,"The game is average, nothing special but nothing wrong either. Delivery took a few days.",neutral
326,"This app is awful, I regret buying it. Customer service ignored me.",negative
327,Got the laptop yesterday. Quality seems ordinary so far. Might try alternatives.,neutral
328,"Loved the laptop, fantastic experience from start to finish. Customer service was helpful too.",positive
329,"The restaurant is standard, nothing special but nothing wrong either. Might try alternatives.",neutral
330,Worst hotel I have used this year. Simply frustrating. One star only.,negative
331,What a unreliable delivery service! I will never buy again. Very slow and buggy.,negative
332,I would highly recommend this coffee shop. Fantastic quality and great value. Delivered on time.,positive
333,"This restaurant is horrible, I regret buying it. One star only.",negative
334,"It is a moderate app, neither good nor bad. Three stars.",neutral
335,I would highly recommend this hotel. Delightful quality and great value. Five stars!,positive
336,"Hated the hotel, poor experience from start to finish. Very slow and buggy.",negative
337,Best customer support team I have used this year. Simply top-notch.,positive
338,Really happy with the restaurant. It is outstanding and worth every rupee.,positive
339,I would not recommend this smartwatch. Disappointing quality and bad value. Very slow and buggy.,negative
340,I would not recommend this headphones. Horrible quality and bad value. Customer service ignored me.,negative
341,Really happy with the coffee shop. It is amazing and worth every rupee. Customer service was helpful too.,positive
342,The game exceeded my expectations. Truly fantastic. Delivered on time.,positive
343,What a outstanding laptop! I will definitely buy again.,positive
344,"The laptop is so-so, nothing special but nothing wrong either.",neutral
345,"Hated the smartwatch, overpriced experience from start to finish. One star only.",negative
346,I would not recommend this hotel. Awful quality and bad value. Arrived late and damaged.,negative
347,I have used the hotel for a week. It is acceptable. Delivery took a few days.,neutral
348,Not sure how I feel about the online course. It feels ordinary. Support replied in a day.,neutral
349,"This game is delightful, I absolutely love it! Delivered on time.",positive
350,Really happy with the movie. It is wonderful and worth every rupee. Delivered on time.,positive
351,What a unreliable movie! I will never buy again. Very slow and buggy.,negative
352,I have used the customer support team for a week. It is decent.,neutral
353,The customer support team did not meet my expectations. Totally disappointing. One star only.,negative
354,Not sure how I feel about the phone. It feels standard.,neutral
355,The game did not meet my expectations. Totally dreadful. Very slow and buggy.,negative
356,Got the book yesterday. Quality seems okay so far. Delivery took a few days.,neutral
357,The book did not meet my expectations. Totally poor. Arrived late and damaged.,negative
358,Very unhappy with the laptop. It is overpriced and a waste of money. One star only.,negative
359,Got the smartwatch yesterday. Quality seems moderate so far. Delivery took a few days.,neutral
360,"The game was fine, about what I expected for the price. Three stars.",neutral
361,"This app is dreadful, I regret buying it. Arrived late and damaged.",negative
362,I would not recommend this book. Overpriced quality and bad value. Arrived late and damaged.,negative
363,Not sure how I feel about the game. It feels ordinary. Might try alternatives.,neutral
364,Got the hotel yesterday. Quality seems so-so so far. Delivery took a few days.,neutral
365,Got the camera yesterday. Quality seems average so far. Support replied in a day.,neutral
366,Got the camera yesterday. Quality seems standard so far. Might try alternatives.,neutral
367,What a poor customer support team! I will never buy again. Very slow and buggy.,negative
368,Really happy with the headphones. It is superb and worth every rupee. Customer service was helpful too.,positive
369,I have used the phone for a week. It is typical.,neutral
370,What a superb smartwatch! I will definitely buy again. Delivered on time.,positive
371,The laptop works as described. Overall ordinary. Delivery took a few days.,neutral
372,"This restaurant is poor, I regret buying it.",negative
373,"It is a so-so headphones, neither good nor bad. Three stars.",neutral
374,"It is an okay online course, neither good nor bad.",neutral
375,I have used the game for a week. It is standard. Might try alternatives.,neutral
376,Got the customer support team yesterday. Quality seems okay so far. Might try alternatives.,neutral
377,Not sure how I feel about the app. It feels acceptable. Might try alternatives.,neutral
378,The headphones did not meet my expectations. Totally poor. One star only.,negative
379,"This smartwatch is frustrating, I regret buying it.",negative
380,"This restaurant is disappointing, I regret buying it. One star only.",negative
381,Worst hotel I have used this year. Simply terrible. One star only.,negative
382,Best smartwatch I have used this year. Simply top-notch. Five stars!,positive
383,The delivery service did not meet my expectations. Totally dreadful. One star only.,negative
384,What a fantastic game! I will definitely buy again. Fast and smooth.,positive
385,Best hotel I have used this year. Simply amazing. Customer service was helpful too.,positive
386,"This phone is disappointing, I regret buying it. One star only.",negative
387,"Loved the restaurant, excellent experience from start to finish. Customer service was helpful too.",positive
388,Not sure how I feel about the app. It feels fine. Might try alternatives.,neutral
389,Got the headphones yesterday. Quality seems average so far. Delivery took a few days.,neutral
390,"It is a typical hotel, neither good nor bad. Delivery took a few days.",neutral
391,Got the laptop yesterday. Quality seems so-so so far.,neutral
392,I would highly recommend this smartwatch. Impressive quality and great value.,positive
393,"This hotel is poor, I regret buying it. Arrived late and damaged.",negative
394,"Loved the restaurant, fantastic experience from start to finish. Customer service was helpful too.",positive
395,I have used the game for a week. It is standard. Support replied in a day.,neutral
396,"It is a decent restaurant, neither good nor bad.",neutral
397,The headphones did not meet my expectations. Totally horrible. One star only.,negative
398,Worst game I have used this year. Simply frustrating.,negative
399,"It is a so-so camera, neither good nor bad.",neutral
400,Very unhappy with the app. It is poor and a waste of money. Customer service ignored me.,negative
401,Got the laptop yesterday. Quality seems typical so far.,neutral
402,Really happy with the online course. It is fantastic and worth every rupee.,positive
403,"The camera is moderate, nothing special but nothing wrong either. Might try alternatives.",neutral
404,Worst app I have used this year. Simply terrible.,negative
405,Really happy with the app. It is superb and worth every rupee. Fast and smooth.,positive
406,Very unhappy with the hotel. It is overpriced and a waste of money. Customer service ignored me.,negative
407,"Hated the book, awful experience from start to finish. Arrived late and damaged.",negative
408,"This hotel is frustrating, I regret buying it. One star only.",negative
409,What a frustrating customer support team! I will never buy again. Very slow and buggy.,negative
410,"Loved the laptop, superb experience from start to finish. Five stars!",positive
411,"It is a typical app, neither good nor bad. Delivery took a few days.",neutral
412,Really happy with the laptop. It is wonderful and worth every rupee. Delivered on time.,positive
413,"Hated the movie, awful experience from start to finish. Customer service ignored me.",negative
414,I have used the restaurant for a week. It is fine. Might try alternatives.,neutral
415,The smartwatch works as described. Overall okay. Support replied in a day.,neutral
416,Really happy with the headphones. It is outstanding and worth every rupee.,positive
417,I have used the customer support team for a week. It is standard. Three stars.,neutral
418,The online course exceeded my expectations. Truly delightful. Fast and smooth.,positive
419,"It is an average online course, neither good nor bad. Might try alternatives.",neutral
420,I have used the app for a week. It is standard. Three stars.,neutral
421,"Loved the movie, outstanding experience from start to finish. Fast and smooth.",positive
422,"The camera was so-so, about what I expected for the price.",neutral
423,"This laptop is disappointing, I regret buying it. Customer service ignored me.",negative
424,Got the book yesterday. Quality seems standard so far. Support replied in a day.,neutral
425,I have used the movie for a week. It is so-so. Support replied in a day.,neutral
426,The phone exceeded my expectations. Truly fantastic. Five stars!,positive
427,I would not recommend this camera. Disappointing quality and bad value. Very slow and buggy.,negative
428,Very unhappy with the phone. It is awful and a waste of money. Very slow and buggy.,negative
429,I would not recommend this laptop. Poor quality and bad value. One star only.,negative
430,The hotel did not meet my expectations. Totally poor. Customer service ignored me.,negative
431,Very unhappy with the app. It is poor and a waste of money. Very slow and buggy.,negative
432,Got the laptop yesterday. Quality seems ordinary so far. Delivery took a few days.,neutral
433,"The restaurant is okay, nothing special but nothing wrong either. Three stars.",neutral
434,Really happy with the game. It is impressive and worth every rupee. Delivered on time.,positive
435,The laptop works as described. Overall average.,neutral
436,Very unhappy with the game. It is poor and a waste of money. One star only.,negative
437,"This headphones is disappointing, I regret buying it. One star only.",negative
438,I would highly recommend this camera. Outstanding quality and great value. Five stars!,positive
439,"This hotel is useless, I regret buying it. Very slow and buggy.",negative
440,I have used the headphones for a week. It is standard. Support replied in a day.,neutral
441,Worst restaurant I have used this year. Simply poor. Customer service ignored me.,negative
442,Got the app yesterday. Quality seems so-so so far. Support replied in a day.,neutral
443,What a disappointing online course! I will never buy again. Arrived late and damaged.,negative
444,What a delightful laptop! I will definitely buy again.,positive
445,Not sure how I feel about the phone. It feels ordinary. Three stars.,neutral
446,I would not recommend this restaurant. Useless quality and bad value. Customer service ignored me.,negative
447,I have used the restaurant for a week. It is moderate. Might try alternatives.,neutral
448,Got the app yesterday. Quality seems fine so far.,neutral
449,Very unhappy with the app. It is unreliable and a waste of money. Customer service ignored me.,negative
450,"Loved the restaurant, amazing experience from start to finish. Fast and smooth.",positive
451,Best game I have used this year. Simply superb. Five stars!,positive
452,"It is an acceptable headphones, neither good nor bad. Support replied in a day.",neutral
453,Best restaurant I have used this year. Simply top-notch. Five stars!,positive
454,"It is an ordinary laptop, neither good nor bad.",neutral
455,What a overpriced delivery service! I will never buy again. One star only.,negative
456,"It is a so-so restaurant, neither good nor bad. Delivery took a few days.",neutral
457,"Loved the camera, wonderful experience from start to finish.",positive
458,What a wonderful laptop! I will definitely buy again. Fast and smooth.,positive
459,I would highly recommend this restaurant. Delightful quality and great value. Customer service was helpful too.,positive
460,The delivery service did not meet my expectations. Totally useless. Arrived late and damaged.,negative
461,Really happy with the hotel. It is delightful and worth every rupee. Five stars!,positive
462,"The coffee shop is typical, nothing special but nothing wrong either. Three stars.",neutral
463,Best book I have used this year. Simply impressive. Five stars!,positive
464,The headphones works as described. Overall average. Support replied in a day.,neutral
465,The hotel works as described. Overall ordinary. Support replied in a day.,neutral
466,The book exceeded my expectations. Truly excellent. Fast and smooth.,positive
467,Worst app I have used this year. Simply dreadful. Arrived late and damaged.,negative
468,Really happy with the camera. It is amazing and worth every rupee.,positive
469,"Loved the phone, wonderful experience from start to finish. Customer service was helpful too.",positive
470,I would highly recommend this book. Superb quality and great value. Customer service was helpful too.,positive
471,"It is a so-so camera, neither good nor bad. Support replied in a day.",neutral
472,"The book was fine, about what I expected for the price. Three stars.",neutral
473,"This hotel is terrible, I regret buying it. Customer service ignored me.",negative
474,Got the headphones yesterday. Quality seems fine so far. Delivery took a few days.,neutral
475,The online course did not meet my expectations. Totally overpriced.,negative
476,"Loved the laptop, wonderful experience from start to finish. Customer service was helpful too.",positive
477,I would highly recommend this laptop. Amazing quality and great value. Delivered on time.,positive
478,Best customer support team I have used this year. Simply impressive. Five stars!,positive
479,"This headphones is unreliable, I regret buying it. One star only.",negative
480,Best phone I have used this year. Simply fantastic. Customer service was helpful too.,positive
481,Worst headphones I have used this year. Simply useless. Customer service ignored me.,negative
482,What a poor restaurant! I will never buy again. One star only.,negative
483,"The game was fine, about what I expected for the price. Delivery took a few days.",neutral
484,Worst online course I have used this year. Simply unreliable. Arrived late and damaged.,negative
485,The customer support team exceeded my expectations. Truly fantastic.,positive
486,"It is a decent book, neither good nor bad. Three stars.",neutral
487,What a wonderful phone! I will definitely buy again.,positive
488,"It is an okay hotel, neither good nor bad. Support replied in a day.",neutral
489,"Loved the online course, impressive experience from start to finish. Customer service was helpful too.",positive
490,What a terrible coffee shop! I will never buy again.,negative
491,I would highly recommend this smartwatch. Brilliant quality and great value. Delivered on time.,positive
492,"It is a so-so hotel, neither good nor bad. Might try alternatives.",neutral
493,"Hated the book, unreliable experience from start to finish. One star only.",negative
494,"The phone was ordinary, about what I expected for the price. Might try alternatives.",neutral
495,"It is a standard smartwatch, neither good nor bad. Support replied in a day.",neutral
496,I have used the coffee shop for a week. It is average. Delivery took a few days.,neutral
497,"Hated the coffee shop, dreadful experience from start to finish. Very slow and buggy.",negative
498,What a excellent camera! I will definitely buy again. Delivered on time.,positive
499,I have used the movie for a week. It is standard. Might try alternatives.,neutral
500,I would highly recommend this coffee shop. Delightful quality and great value.,positive
501,Got the hotel yesterday. Quality seems acceptable so far. Delivery took a few days.,neutral
502,Worst phone I have used this year. Simply frustrating.,negative
503,What a terrible online course! I will never buy again. Arrived late and damaged.,negative
504,The coffee shop works as described. Overall okay. Delivery took a few days.,neutral
505,I have used the hotel for a week. It is acceptable.,neutral
506,Very unhappy with the game. It is horrible and a waste of money. Arrived late and damaged.,negative
507,I have used the game for a week. It is okay.,neutral
508,I have used the app for a week. It is ordinary. Might try alternatives.,neutral
509,I would highly recommend this restaurant. Wonderful quality and great value. Customer service was helpful too.,positive
510,"It is a standard coffee shop, neither good nor bad. Delivery took a few days.",neutral
511,"It is an ordinary headphones, neither good nor bad. Three stars.",neutral
512,I would highly recommend this smartwatch. Brilliant quality and great value. Fast and smooth.,positive
513,I would not recommend this restaurant. Overpriced quality and bad value.,negative
514,"Loved the book, brilliant experience from start to finish. Fast and smooth.",positive
515,I would highly recommend this hotel. Amazing quality and great value. Five stars!,positive
516,"Loved the phone, impressive experience from start to finish. Fast and smooth.",positive
517,Best camera I have used this year. Simply impressive.,positive
518,Very unhappy with the restaurant. It is disappointing and a waste of money. Arrived late and damaged.,negative
519,Got the hotel yesterday. Quality seems fine so far. Support replied in a day.,neutral
520,"Loved the delivery service, brilliant experience from start to finish. Customer service was helpful too.",positive
521,"Loved the headphones, brilliant experience from start to finish.",positive
522,"Hated the hotel, poor experience from start to finish. Arrived late and damaged.",negative
523,"It is a so-so movie, neither good nor bad. Might try alternatives.",neutral
524,"The laptop is acceptable, nothing special but nothing wrong either. Might try alternatives.",neutral
525,I have used the restaurant for a week. It is ordinary. Three stars.,neutral
526,"The online course was okay, about what I expected for the price.",neutral
527,Very unhappy with the book. It is terrible and a waste of money.,negative
528,Worst book I have used this year. Simply disappointing.,negative
529,The phone did not meet my expectations. Totally useless. Arrived late and damaged.,negative
530,"The movie was ordinary, about what I expected for the price. Three stars.",neutral
531,"This coffee shop is amazing, I absolutely love it! Delivered on time.",positive
532,"Hated the headphones, terrible experience from start to finish.",negative
533,"Loved the delivery service, wonderful experience from start to finish. Delivered on time.",positive
534,What a horrible smartwatch! I will never buy again. Customer service ignored me.,negative
535,I have used the delivery service for a week. It is okay. Delivery took a few days.,neutral
536,The restaurant works as described. Overall acceptable. Three stars.,neutral
537,"It is a so-so online course, neither good nor bad. Might try alternatives.",neutral
538,"Hated the camera, awful experience from start to finish. Very slow and buggy.",negative
539,What a frustrating online course! I will never buy again. Very slow and buggy.,negative
540,Not sure how I feel about the hotel. It feels okay. Support replied in a day.,neutral
541,What a superb headphones! I will definitely buy again. Customer service was helpful too.,positive
542,What a awful game! I will never buy again. One star only.,negative
543,I would not recommend this delivery service. Poor quality and bad value. Customer service ignored me.,negative
544,What a top-notch coffee shop! I will definitely buy again. Customer service was helpful too.,positive
545,Not sure how I feel about the app. It feels average. Support replied in a day.,neutral
546,I would highly recommend this book. Brilliant quality and great value.,positive
547,"It is an okay phone, neither good nor bad. Three stars.",neutral
548,"Hated the online course, overpriced experience from start to finish. Arrived late and damaged.",negative
549,Best camera I have used this year. Simply amazing. Customer service was helpful too.,positive
550,Very unhappy with the phone. It is poor and a waste of money. Very slow and buggy.,negative
551,The phone exceeded my expectations. Truly outstanding.,positive
552,"It is a standard coffee shop, neither good nor bad.",neutral
553,"This app is frustrating, I regret buying it. Very slow and buggy.",negative
554,"It is an ordinary smartwatch, neither good nor bad.",neutral
555,The restaurant did not meet my expectations. Totally useless. Very slow and buggy.,negative
556,Worst hotel I have used this year. Simply dreadful. One star only.,negative
557,Really happy with the smartwatch. It is brilliant and worth every rupee. Delivered on time.,positive
558,I would highly recommend this game. Excellent quality and great value. Delivered on time.,positive
559,"Hated the book, dreadful experience from start to finish.",negative
560,The movie works as described. Overall decent. Support replied in a day.,neutral
561,Worst restaurant I have used this year. Simply poor. Very slow and buggy.,negative
562,I would highly recommend this online course. Delightful quality and great value.,positive
563,"It is an average app, neither good nor bad. Three stars.",neutral
564,I would highly recommend this app. Delightful quality and great value.,positive
565,Got the movie yesterday. Quality seems decent so far. Support replied in a day.,neutral
566,Not sure how I feel about the online course. It feels standard.,neutral
567,What a disappointing headphones! I will never buy again.,negative
568,"Hated the customer support team, dreadful experience from start to finish. One star only.",negative
569,"Hated the smartwatch, unreliable experience from start to finish. One star only.",negative
570,I have used the smartwatch for a week. It is typical.,neutral
571,"Loved the hotel, impressive experience from start to finish. Customer service was helpful too.",positive
572,Really happy with the camera. It is delightful and worth every rupee. Five stars!,positive
573,Really happy with the delivery service. It is outstanding and worth every rupee. Five stars!,positive
574,I have used the customer support team for a week. It is moderate. Three stars.,neutral
575,"The phone was decent, about what I expected for the price.",neutral
576,What a overpriced hotel! I will never buy again. Arrived late and damaged.,negative
577,Best headphones I have used this year. Simply amazing. Customer service was helpful too.,positive
578,Best laptop I have used this year. Simply wonderful. Five stars!,positive
579,"This restaurant is frustrating, I regret buying it. Customer service ignored me.",negative
580,Not sure how I feel about the headphones. It feels acceptable. Delivery took a few days.,neutral
581,Got the headphones yesterday. Quality seems acceptable so far. Support replied in a day.,neutral
582,I have used the smartwatch for a week. It is acceptable. Might try alternatives.,neutral
583,Best customer support team I have used this year. Simply delightful. Five stars!,positive
584,I have used the hotel for a week. It is fine. Three stars.,neutral
585,What a overpriced book! I will never buy again. Customer service ignored me.,negative
586,"Loved the book, excellent experience from start to finish. Fast and smooth.",positive
587,Got the smartwatch yesterday. Quality seems ordinary so far. Support replied in a day.,neutral
588,Worst customer support team I have used this year. Simply horrible. One star only.,negative
589,What a frustrating headphones! I will never buy again. Customer service ignored me.,negative
590,What a horrible online course! I will never buy again. Arrived late and damaged.,negative
591,The restaurant did not meet my expectations. Totally awful.,negative
592,Not sure how I feel about the phone. It feels okay. Might try alternatives.,neutral
593,"The coffee shop was so-so, about what I expected for the price. Support replied in a day.",neutral
594,Very unhappy with the laptop. It is frustrating and a waste of money.,negative
595,The movie exceeded my expectations. Truly fantastic. Five stars!,positive
596,"It is a typical customer support team, neither good nor bad. Support replied in a day.",neutral
597,"This movie is disappointing, I regret buying it.",negative
598,I have used the laptop for a week. It is acceptable.,neutral
599,Really happy with the coffee shop. It is amazing and worth every rupee. Delivered on time.,positive
600,Not sure how I feel about the restaurant. It feels decent. Might try alternatives.,neutral
601,"Loved the online course, top-notch experience from start to finish. Fast and smooth.",positive
602,Not sure how I feel about the book. It feels okay. Three stars.,neutral
603,I have used the restaurant for a week. It is typical. Delivery took a few days.,neutral
604,"This hotel is superb, I absolutely love it! Delivered on time.",positive
605,"This restaurant is wonderful, I absolutely love it! Five stars!",positive
606,The game works as described. Overall standard. Three stars.,neutral
607,Very unhappy with the headphones. It is frustrating and a waste of money. Customer service ignored me.,negative
608,"This delivery service is overpriced, I regret buying it. Customer service ignored me.",negative
609,"Loved the app, delightful experience from start to finish. Five stars!",positive
610,Really happy with the camera. It is fantastic and worth every rupee. Five stars!,positive
611,Got the online course yesterday. Quality seems acceptable so far. Three stars.,neutral
612,"The book was standard, about what I expected for the price.",neutral
613,What a terrible movie! I will never buy again. Arrived late and damaged.,negative
614,Worst hotel I have used this year. Simply overpriced. Customer service ignored me.,negative
615,I would not recommend this restaurant. Terrible quality and bad value.,negative
616,Best hotel I have used this year. Simply superb. Five stars!,positive
617,"This app is useless, I regret buying it. Arrived late and damaged.",negative
618,"It is a fine camera, neither good nor bad. Might try alternatives.",neutral
619,The delivery service works as described. Overall so-so. Support replied in a day.,neutral
620,"The restaurant was decent, about what I expected for the price.",neutral
621,Worst restaurant I have used this year. Simply overpriced. Very slow and buggy.,negative
622,I would not recommend this smartwatch. Terrible quality and bad value. Customer service ignored me.,negative
623,"Hated the camera, poor experience from start to finish.",negative
624,The app works as described. Overall ordinary. Support replied in a day.,neutral
625,Best customer support team I have used this year. Simply superb. Delivered on time.,positive
626,The camera did not meet my expectations. Totally overpriced. Very slow and buggy.,negative
627,What a impressive phone! I will definitely buy again.,positive
628,Really happy with the phone. It is impressive and worth every rupee. Delivered on time.,positive
629,I have used the movie for a week. It is decent. Support replied in a day.,neutral
630,I would highly recommend this delivery service. Top-notch quality and great value. Five stars!,positive
631,The app works as described. Overall average. Three stars.,neutral
632,I would highly recommend this headphones. Impressive quality and great value. Five stars!,positive
633,I have used the app for a week. It is fine.,neutral
634,"The delivery service was moderate, about what I expected for the price. Might try alternatives.",neutral
635,What a poor online course! I will never buy again. Arrived late and damaged.,negative
636,Got the coffee shop yesterday. Quality seems moderate so far. Might try alternatives.,neutral
637,"The game was so-so, about what I expected for the price. Three stars.",neutral
638,Worst online course I have used this year. Simply awful. Very slow and buggy.,negative
639,I would highly recommend this camera. Excellent quality and great value.,positive
640,Worst restaurant I have used this year. Simply disappointing. Very slow and buggy.,negative
641,What a wonderful movie! I will definitely buy again. Five stars!,positive
642,Best customer support team I have used this year. Simply amazing. Customer service was helpful too.,positive
643,Not sure how I feel about the camera. It feels standard. Support replied in a day.,neutral
644,What a disappointing game! I will never buy again. Arrived late and damaged.,negative
645,"This delivery service is terrible, I regret buying it. Very slow and buggy.",negative
646,"This coffee shop is frustrating, I regret buying it. Arrived late and damaged.",negative
647,I have used the headphones for a week. It is moderate.,neutral
648,Really happy with the customer support team. It is outstanding and worth every rupee. Five stars!,positive
649,"It is a fine laptop, neither good nor bad. Support replied in a day.",neutral
650,The coffee shop exceeded my expectations. Truly impressive. Customer service was helpful too.,positive
651,I would highly recommend this headphones. Wonderful quality and great value. Delivered on time.,positive
652,"The headphones was moderate, about what I expected for the price. Support replied in a day.",neutral
653,What a poor movie! I will never buy again. Customer service ignored me.,negative
654,I would not recommend this delivery service. Dreadful quality and bad value. One star only.,negative
655,I would not recommend this delivery service. Poor quality and bad value. Very slow and buggy.,negative
656,"This game is wonderful, I absolutely love it! Fast and smooth.",positive
657,Really happy with the online course. It is impressive and worth every rupee. Five stars!,positive
658,Got the game yesterday. Quality seems typical so far. Might try alternatives.,neutral
659,"The coffee shop is ordinary, nothing special but nothing wrong either. Delivery took a few days.",neutral
660,What a top-notch restaurant! I will definitely buy again. Customer service was helpful too.,positive
661,Really happy with the delivery service. It is delightful and worth every rupee. Delivered on time.,positive
662,Very unhappy with the laptop. It is poor and a waste of money. Very slow and buggy.,negative
663,"Hated the movie, terrible experience from start to finish. Arrived late and damaged.",negative
664,"Loved the laptop, brilliant experience from start to finish. Fast and smooth.",positive
665,"Hated the app, awful experience from start to finish. Arrived late and damaged.",negative
666,Not sure how I feel about the coffee shop. It feels average. Might try alternatives.,neutral
667,What a disappointing delivery service! I will never buy again. Customer service ignored me.,negative
668,I have used the delivery service for a week. It is standard. Might try alternatives.,neutral
669,The game did not meet my expectations. Totally dreadful. One star only.,negative
670,Worst online course I have used this year. Simply frustrating.,negative
671,The delivery service exceeded my expectations. Truly amazing.,positive
672,I would not recommend this game. Terrible quality and bad value. One star only.,negative
673,Got the movie yesterday. Quality seems so-so so far. Delivery took a few days.,neutral
674,Best smartwatch I have used this year. Simply delightful. Customer service was helpful too.,positive
675,"The laptop is fine, nothing special but nothing wrong either. Three stars.",neutral
676,Best movie I have used this year. Simply superb. Customer service was helpful too.,positive
677,"Hated the customer support team, poor experience from start to finish. Customer service ignored me.",negative
678,Not sure how I feel about the hotel. It feels moderate. Support replied in a day.,neutral
679,The delivery service exceeded my expectations. Truly excellent.,positive
680,Best phone I have used this year. Simply brilliant. Delivered on time.,positive
681,Not sure how I feel about the restaurant. It feels okay. Delivery took a few days.,neutral
682,"It is a standard smartwatch, neither good nor bad. Three stars.",neutral
683,"The delivery service is typical, nothing special but nothing wrong either. Three stars.",neutral
684,I would highly recommend this app. Amazing quality and great value.,positive
685,"Loved the phone, impressive experience from start to finish.",positive
686,"Hated the app, disappointing experience from start to finish.",negative
687,Best game I have used this year. Simply impressive. Customer service was helpful too.,positive
688,What a impressive smartwatch! I will definitely buy again. Delivered on time.,positive
689,The delivery service did not meet my expectations. Totally horrible.,negative
690,"This delivery service is poor, I regret buying it. Customer service ignored me.",negative
691,Got the headphones yesterday. Quality seems decent so far. Might try alternatives.,neutral
692,Not sure how I feel about the restaurant. It feels fine.,neutral
693,"Hated the camera, useless experience from start to finish. Arrived late and damaged.",negative
694,Very unhappy with the laptop. It is disappointing and a waste of money. Very slow and buggy.,negative
695,The coffee shop did not meet my expectations. Totally awful. One star only.,negative
696,I have used the smartwatch for a week. It is average. Three stars.,neutral
697,I have used the headphones for a week. It is acceptable. Three stars.,neutral
698,I would not recommend this movie. Useless quality and bad value.,negative
699,Really happy with the laptop. It is fantastic and worth every rupee. Fast and smooth.,positive
700,Not sure how I feel about the smartwatch. It feels ordinary. Three stars.,neutral
701,What a useless book! I will never buy again. One star only.,negative
702,"This online course is frustrating, I regret buying it. Very slow and buggy.",negative
703,Best customer support team I have used this year. Simply brilliant. Fast and smooth.,positive
704,The game works as described. Overall fine. Support replied in a day.,neutral
705,"Loved the headphones, delightful experience from start to finish. Delivered on time.",positive
706,"This delivery service is delightful, I absolutely love it! Five stars!",positive
707,I would not recommend this movie. Overpriced quality and bad value. Very slow and buggy.,negative
708,"Loved the book, amazing experience from start to finish.",positive
709,Not sure how I feel about the smartwatch. It feels typical. Delivery took a few days.,neutral
710,What a superb camera! I will definitely buy again. Five stars!,positive
711,I have used the movie for a week. It is so-so.,neutral
712,I would highly recommend this laptop. Amazing quality and great value. Five stars!,positive
713,What a terrible camera! I will never buy again. Customer service ignored me.,negative
714,"This hotel is unreliable, I regret buying it.",negative
715,The game works as described. Overall so-so. Might try alternatives.,neutral
716,"The delivery service is moderate, nothing special but nothing wrong either. Support replied in a day.",neutral
717,"This camera is top-notch, I absolutely love it!",positive
718,The hotel did not meet my expectations. Totally terrible.,negative
719,"Loved the online course, fantastic experience from start to finish. Fast and smooth.",positive
720,What a excellent phone! I will definitely buy again. Delivered on time.,positive
721,"Hated the camera, disappointing experience from start to finish. Customer service ignored me.",negative
722,Really happy with the laptop. It is amazing and worth every rupee. Delivered on time.,positive
723,"This online course is superb, I absolutely love it! Five stars!",positive
724,The movie works as described. Overall moderate. Support replied in a day.,neutral
725,"This coffee shop is brilliant, I absolutely love it! Five stars!",positive
726,"The delivery service is fine, nothing special but nothing wrong either. Might try alternatives.",neutral
727,"Loved the book, brilliant experience from start to finish. Delivered on time.",positive
728,"The camera is decent, nothing special but nothing wrong either. Three stars.",neutral
729,"The camera was so-so, about what I expected for the price. Support replied in a day.",neutral
730,I would highly recommend this smartwatch. Brilliant quality and great value. Five stars!,positive
731,I would not recommend this phone. Frustrating quality and bad value. Customer service ignored me.,negative
732,Not sure how I feel about the restaurant. It feels fine. Three stars.,neutral
733,The delivery service works as described. Overall acceptable.,neutral
734,I would highly recommend this book. Fantastic quality and great value. Customer service was helpful too.,positive
735,The online course exceeded my expectations. Truly wonderful. Fast and smooth.,positive
736,"The movie was fine, about what I expected for the price. Three stars.",neutral
737,What a dreadful laptop! I will never buy again. Very slow and buggy.,negative
738,I would not recommend this delivery service. Overpriced quality and bad value. Customer service ignored me.,negative
739,Got the app yesterday. Quality seems decent so far. Support replied in a day.,neutral
740,Really happy with the movie. It is fantastic and worth every rupee.,positive
741,"The game was decent, about what I expected for the price.",neutral
742,"This phone is brilliant, I absolutely love it! Fast and smooth.",positive
743,Really happy with the smartwatch. It is superb and worth every rupee. Fast and smooth.,positive
744,The delivery service works as described. Overall decent. Three stars.,neutral
745,Best book I have used this year. Simply fantastic. Fast and smooth.,positive
746,I would not recommend this camera. Awful quality and bad value.,negative
747,The phone works as described. Overall fine. Support replied in a day.,neutral
748,The headphones did not meet my expectations. Totally frustrating. Customer service ignored me.,negative
749,Got the laptop yesterday. Quality seems okay so far.,neutral
750,"This hotel is impressive, I absolutely love it! Fast and smooth.",positive
751,Worst headphones I have used this year. Simply useless. Very slow and buggy.,negative
752,The book works as described. Overall typical. Support replied in a day.,neutral
753,Got the delivery service yesterday. Quality seems average so far. Might try alternatives.,neutral
754,"Hated the headphones, poor experience from start to finish. Arrived late and damaged.",negative
755,I have used the coffee shop for a week. It is acceptable. Might try alternatives.,neutral
756,"It is a standard phone, neither good nor bad. Support replied in a day.",neutral
757,Best online course I have used this year. Simply delightful.,positive
758,What a unreliable headphones! I will never buy again. Customer service ignored me.,negative
759,The phone did not meet my expectations. Totally awful. One star only.,negative
760,Worst online course I have used this year. Simply disappointing.,negative
761,What a useless game! I will never buy again. Customer service ignored me.,negative
762,Got the delivery service yesterday. Quality seems standard so far. Three stars.,neutral
763,I have used the book for a week. It is ordinary. Three stars.,neutral
764,The app exceeded my expectations. Truly superb. Five stars!,positive
765,Really happy with the book. It is top-notch and worth every rupee. Five stars!,positive
766,"Loved the game, amazing experience from start to finish. Customer service was helpful too.",positive
767,What a awful restaurant! I will never buy again. Customer service ignored me.,negative
768,"This restaurant is amazing, I absolutely love it! Delivered on time.",positive
769,Not sure how I feel about the headphones. It feels standard.,neutral
770,Not sure how I feel about the game. It feels acceptable. Three stars.,neutral
771,Got the game yesterday. Quality seems ordinary so far. Might try alternatives.,neutral
772,Got the customer support team yesterday. Quality seems so-so so far.,neutral
773,"This laptop is frustrating, I regret buying it. Arrived late and damaged.",negative
774,Best delivery service I have used this year. Simply impressive.,positive
775,"This hotel is disappointing, I regret buying it. One star only.",negative
776,"It is an average phone, neither good nor bad. Might try alternatives.",neutral
777,Best phone I have used this year. Simply outstanding. Delivered on time.,positive
778,"It is an okay restaurant, neither good nor bad. Three stars.",neutral
779,I have used the customer support team for a week. It is moderate. Support replied in a day.,neutral
780,"The online course is ordinary, nothing special but nothing wrong either. Support replied in a day.",neutral
781,Not sure how I feel about the game. It feels ordinary. Delivery took a few days.,neutral
782,Not sure how I feel about the restaurant. It feels average. Three stars.,neutral
783,Really happy with the camera. It is excellent and worth every rupee.,positive
784,Best book I have used this year. Simply fantastic.,positive
785,I would highly recommend this restaurant. Delightful quality and great value.,positive
786,"It is an ordinary movie, neither good nor bad. Three stars.",neutral
787,What a frustrating camera! I will never buy again. Arrived late and damaged.,negative
788,Got the book yesterday. Quality seems moderate so far. Delivery took a few days.,neutral
789,What a superb hotel! I will definitely buy again. Five stars!,positive
790,Not sure how I feel about the game. It feels fine. Support replied in a day.,neutral
791,The laptop works as described. Overall standard. Three stars.,neutral
792,"This book is excellent, I absolutely love it! Five stars!",positive
793,I would not recommend this app. Disappointing quality and bad value. Very slow and buggy.,negative
794,"Hated the phone, frustrating experience from start to finish. Arrived late and damaged.",negative
795,The hotel exceeded my expectations. Truly wonderful. Five stars!,positive
796,The smartwatch works as described. Overall typical.,neutral
797,"Hated the delivery service, useless experience from start to finish. One star only.",negative
798,The hotel works as described. Overall standard. Support replied in a day.,neutral
799,The app works as described. Overall fine. Delivery took a few days.,neutral
800,Not sure how I feel about the restaurant. It feels standard. Support replied in a day.,neutral
801,What a brilliant delivery service! I will definitely buy again. Delivered on time.,positive
802,"This camera is awful, I regret buying it.",negative
803,"Loved the smartwatch, impressive experience from start to finish. Delivered on time.",positive
804,"Loved the camera, wonderful experience from start to finish. Customer service was helpful too.",positive
805,Very unhappy with the delivery service. It is overpriced and a waste of money.,negative
806,What a dreadful smartwatch! I will never buy again. Customer service ignored me.,negative
807,What a excellent smartwatch! I will definitely buy again. Five stars!,positive
808,"This app is dreadful, I regret buying it. Very slow and buggy.",negative
809,I would highly recommend this movie. Top-notch quality and great value. Delivered on time.,positive
810,What a disappointing camera! I will never buy again. Very slow and buggy.,negative
811,"Hated the camera, terrible experience from start to finish. Customer service ignored me.",negative
812,"Hated the app, frustrating experience from start to finish.",negative
813,The online course works as described. Overall acceptable.,neutral
814,"The book was fine, about what I expected for the price. Delivery took a few days.",neutral
815,"Loved the customer support team, outstanding experience from start to finish. Fast and smooth.",positive
816,I would not recommend this app. Dreadful quality and bad value. One star only.,negative
817,Not sure how I feel about the hotel. It feels decent. Might try alternatives.,neutral
818,"The coffee shop was so-so, about what I expected for the price. Three stars.",neutral
819,"The game is fine, nothing special but nothing wrong either. Might try alternatives.",neutral
820,The camera exceeded my expectations. Truly brilliant.,positive
821,What a useless coffee shop! I will never buy again.,negative
822,Best headphones I have used this year. Simply top-notch. Five stars!,positive
823,Really happy with the customer support team. It is delightful and worth every rupee. Fast and smooth.,positive
824,"This delivery service is outstanding, I absolutely love it! Five stars!",positive
825,Very unhappy with the book. It is useless and a waste of money.,negative
826,The book works as described. Overall so-so. Support replied in a day.,neutral
827,Not sure how I feel about the restaurant. It feels moderate. Three stars.,neutral
828,Very unhappy with the online course. It is frustrating and a waste of money. Arrived late and damaged.,negative
829,Got the delivery service yesterday. Quality seems fine so far. Support replied in a day.,neutral
830,I have used the camera for a week. It is so-so. Support replied in a day.,neutral
831,What a delightful customer support team! I will definitely buy again.,positive
832,Not sure how I feel about the phone. It feels okay.,neutral
833,I have used the camera for a week. It is typical.,neutral
834,"Hated the headphones, overpriced experience from start to finish. One star only.",negative
835,The hotel exceeded my expectations. Truly amazing. Fast and smooth.,positive
836,I would highly recommend this online course. Delightful quality and great value. Five stars!,positive
837,I have used the restaurant for a week. It is fine. Delivery took a few days.,neutral
838,What a delightful smartwatch! I will definitely buy again. Five stars!,positive
839,"Loved the customer support team, amazing experience from start to finish. Fast and smooth.",positive
840,What a delightful coffee shop! I will definitely buy again. Fast and smooth.,positive
841,Really happy with the hotel. It is excellent and worth every rupee. Five stars!,positive
842,"This phone is unreliable, I regret buying it. Arrived late and damaged.",negative
843,"The app was standard, about what I expected for the price.",neutral
844,Worst laptop I have used this year. Simply dreadful. Very slow and buggy.,negative
845,Worst app I have used this year. Simply disappointing.,negative
846,"Hated the hotel, horrible experience from start to finish. Customer service ignored me.",negative
847,"It is a decent headphones, neither good nor bad. Might try alternatives.",neutral
848,What a impressive phone! I will definitely buy again. Fast and smooth.,positive
849,The smartwatch exceeded my expectations. Truly superb. Customer service was helpful too.,positive
850,"The headphones is decent, nothing special but nothing wrong either. Support replied in a day.",neutral
851,"The camera was okay, about what I expected for the price.",neutral
852,Not sure how I feel about the laptop. It feels decent. Support replied in a day.,neutral
853,What a outstanding book! I will definitely buy again. Customer service was helpful too.,positive
854,I would not recommend this game. Dreadful quality and bad value. Customer service ignored me.,negative
855,"Loved the coffee shop, superb experience from start to finish. Five stars!",positive
856,"This coffee shop is outstanding, I absolutely love it! Customer service was helpful too.",positive
857,"This app is superb, I absolutely love it! Delivered on time.",positive
858,"This coffee shop is impressive, I absolutely love it! Customer service was helpful too.",positive
859,The app did not meet my expectations. Totally awful. Customer service ignored me.,negative
860,Best camera I have used this year. Simply outstanding. Fast and smooth.,positive
861,"This hotel is dreadful, I regret buying it. Arrived late and damaged.",negative
862,"This laptop is useless, I regret buying it. One star only.",negative
863,I would not recommend this restaurant. Awful quality and bad value.,negative
864,"This customer support team is unreliable, I regret buying it.",negative
865,"The camera is standard, nothing special but nothing wrong either.",neutral
866,The restaurant did not meet my expectations. Totally disappointing. Very slow and buggy.,negative
867,"Hated the phone, overpriced experience from start to finish. One star only.",negative
868,Very unhappy with the camera. It is horrible and a waste of money. One star only.,negative
869,Not sure how I feel about the smartwatch. It feels ordinary.,neutral
870,Got the hotel yesterday. Quality seems okay so far. Delivery took a few days.,neutral
871,"The phone is typical, nothing special but nothing wrong either.",neutral
872,I would highly recommend this restaurant. Outstanding quality and great value. Fast and smooth.,positive
873,Not sure how I feel about the game. It feels standard. Support replied in a day.,neutral
874,"This smartwatch is dreadful, I regret buying it. Arrived late and damaged.",negative
875,I have used the app for a week. It is moderate.,neutral
876,Got the hotel yesterday. Quality seems decent so far. Support replied in a day.,neutral
877,"The game is standard, nothing special but nothing wrong either. Support replied in a day.",neutral
878,I would not recommend this smartwatch. Frustrating quality and bad value. Customer service ignored me.,negative
879,The delivery service works as described. Overall decent. Support replied in a day.,neutral
880,The laptop did not meet my expectations. Totally poor. Customer service ignored me.,negative
881,Best smartwatch I have used this year. Simply brilliant. Delivered on time.,positive
882,Worst app I have used this year. Simply frustrating.,negative
883,"Loved the online course, brilliant experience from start to finish. Delivered on time.",positive
884,The online course did not meet my expectations. Totally poor. One star only.,negative
885,"It is a standard delivery service, neither good nor bad. Delivery took a few days.",neutral
886,What a wonderful laptop! I will definitely buy again. Delivered on time.,positive
887,"This laptop is outstanding, I absolutely love it!",positive
888,What a disappointing game! I will never buy again. One star only.,negative
889,Got the restaurant yesterday. Quality seems okay so far. Three stars.,neutral
890,"This online course is poor, I regret buying it. Arrived late and damaged.",negative
891,"Hated the movie, disappointing experience from start to finish. One star only.",negative
892,I would highly recommend this laptop. Brilliant quality and great value. Five stars!,positive
893,Very unhappy with the smartwatch. It is terrible and a waste of money. One star only.,negative
894,Really happy with the movie. It is impressive and worth every rupee.,positive
895,I would not recommend this book. Dreadful quality and bad value. Customer service ignored me.,negative
896,I would not recommend this camera. Horrible quality and bad value. Very slow and buggy.,negative
897,Worst app I have used this year. Simply useless. Customer service ignored me.,negative
898,"This coffee shop is fantastic, I absolutely love it! Fast and smooth.",positive
899,"This phone is wonderful, I absolutely love it! Customer service was helpful too.",positive
900,What a unreliable camera! I will never buy again. Customer service ignored me.,negative
901,"Loved the customer support team, brilliant experience from start to finish. Delivered on time.",positive
902,"Loved the phone, top-notch experience from start to finish. Fast and smooth.",positive
903,"This coffee shop is delightful, I absolutely love it!",positive
904,Really happy with the laptop. It is superb and worth every rupee. Customer service was helpful too.,positive
905,Worst coffee shop I have used this year. Simply overpriced.,negative
906,Best coffee shop I have used this year. Simply top-notch. Customer service was helpful too.,positive
907,"Hated the coffee shop, frustrating experience from start to finish.",negative
908,Not sure how I feel about the book. It feels standard.,neutral
909,"Hated the online course, awful experience from start to finish. One star only.",negative
910,The headphones exceeded my expectations. Truly fantastic. Fast and smooth.,positive
911,"This laptop is overpriced, I regret buying it. Arrived late and damaged.",negative
912,Worst movie I have used this year. Simply unreliable. Arrived late and damaged.,negative
913,The restaurant works as described. Overall moderate. Support replied in a day.,neutral
914,I have used the game for a week. It is moderate. Support replied in a day.,neutral
915,Worst smartwatch I have used this year. Simply disappointing. Very slow and buggy.,negative
916,The movie did not meet my expectations. Totally useless. Very slow and buggy.,negative
917,I would highly recommend this laptop. Superb quality and great value. Five stars!,positive
918,"Loved the laptop, delightful experience from start to finish.",positive
919,What a awful headphones! I will never buy again. One star only.,negative
920,Really happy with the game. It is impressive and worth every rupee.,positive
921,Best movie I have used this year. Simply delightful. Five stars!,positive
922,Worst customer support team I have used this year. Simply overpriced. One star only.,negative
923,I have used the coffee shop for a week. It is okay.,neutral
924,Not sure how I feel about the movie. It feels fine. Might try alternatives.,neutral
925,I have used the app for a week. It is typical. Three stars.,neutral
926,I would highly recommend this restaurant. Fantastic quality and great value. Five stars!,positive
927,The camera exceeded my expectations. Truly excellent.,positive
928,Got the app yesterday. Quality seems fine so far. Delivery took a few days.,neutral
929,The phone did not meet my expectations. Totally poor.,negative
930,Very unhappy with the restaurant. It is awful and a waste of money. One star only.,negative
931,"The camera was decent, about what I expected for the price. Support replied in a day.",neutral
932,"The online course was fine, about what I expected for the price.",neutral
933,I would highly recommend this game. Wonderful quality and great value.,positive
934,Really happy with the book. It is impressive and worth every rupee. Fast and smooth.,positive
935,Best laptop I have used this year. Simply wonderful. Fast and smooth.,positive
936,Got the book yesterday. Quality seems average so far. Delivery took a few days.,neutral
937,"This camera is superb, I absolutely love it! Five stars!",positive
938,"This hotel is terrible, I regret buying it. One star only.",negative
939,Very unhappy with the game. It is overpriced and a waste of money. Arrived late and damaged.,negative
940,"This headphones is impressive, I absolutely love it!",positive
941,Very unhappy with the customer support team. It is dreadful and a waste of money. Customer service ignored me.,negative
942,"This movie is dreadful, I regret buying it. Very slow and buggy.",negative
943,Not sure how I feel about the book. It feels fine.,neutral
944,"This book is overpriced, I regret buying it. Customer service ignored me.",negative
945,"Hated the camera, unreliable experience from start to finish.",negative
946,"The smartwatch was typical, about what I expected for the price. Three stars.",neutral
947,"Loved the online course, wonderful experience from start to finish.",positive
948,What a impressive online course! I will definitely buy again.,positive
949,Really happy with the restaurant. It is amazing and worth every rupee. Fast and smooth.,positive
950,"The online course is average, nothing special but nothing wrong either.",neutral
951,"The headphones was fine, about what I expected for the price. Support replied in a day.",neutral
952,Really happy with the app. It is brilliant and worth every rupee. Customer service was helpful too.,positive
953,The coffee shop exceeded my expectations. Truly top-notch. Five stars!,positive
954,"This coffee shop is delightful, I absolutely love it! Fast and smooth.",positive
955,The camera exceeded my expectations. Truly superb. Delivered on time.,positive
956,Not sure how I feel about the hotel. It feels so-so. Support replied in a day.,neutral
957,The game works as described. Overall okay. Support replied in a day.,neutral
958,The headphones exceeded my expectations. Truly brilliant. Delivered on time.,positive
959,I would not recommend this app. Frustrating quality and bad value. Very slow and buggy.,negative
960,What a top-notch delivery service! I will definitely buy again.,positive
961,Best smartwatch I have used this year. Simply delightful.,positive
962,"This customer support team is awful, I regret buying it. One star only.",negative
963,Got the camera yesterday. Quality seems acceptable so far. Three stars.,neutral
964,Worst headphones I have used this year. Simply disappointing. Customer service ignored me.,negative
965,"Hated the movie, overpriced experience from start to finish. Customer service ignored me.",negative
966,The phone works as described. Overall ordinary. Delivery took a few days.,neutral
967,The hotel did not meet my expectations. Totally frustrating. Arrived late and damaged.,negative
968,What a impressive smartwatch! I will definitely buy again. Five stars!,positive
969,I would highly recommend this game. Superb quality and great value. Delivered on time.,positive
970,"The online course is okay, nothing special but nothing wrong either. Might try alternatives.",neutral
971,"Loved the movie, top-notch experience from start to finish. Delivered on time.",positive
972,What a amazing phone! I will definitely buy again. Fast and smooth.,positive
973,"The smartwatch is moderate, nothing special but nothing wrong either.",neutral
974,Really happy with the phone. It is top-notch and worth every rupee.,positive
975,"This customer support team is frustrating, I regret buying it. One star only.",negative
976,Worst game I have used this year. Simply useless. Arrived late and damaged.,negative
977,Worst phone I have used this year. Simply frustrating. Very slow and buggy.,negative
978,Really happy with the phone. It is brilliant and worth every rupee. Five stars!,positive
979,The movie works as described. Overall okay. Support replied in a day.,neutral
980,"Loved the book, outstanding experience from start to finish. Fast and smooth.",positive
981,Best movie I have used this year. Simply wonderful. Fast and smooth.,positive
982,The customer support team did not meet my expectations. Totally frustrating. Customer service ignored me.,negative
983,"The app is so-so, nothing special but nothing wrong either.",neutral
984,Not sure how I feel about the laptop. It feels moderate. Might try alternatives.,neutral
985,Best app I have used this year. Simply wonderful. Customer service was helpful too.,positive
986,I would highly recommend this restaurant. Fantastic quality and great value. Customer service was helpful too.,positive
987,Worst delivery service I have used this year. Simply terrible. One star only.,negative
988,Got the headphones yesterday. Quality seems acceptable so far. Might try alternatives.,neutral
989,"The hotel was fine, about what I expected for the price. Support replied in a day.",neutral
990,Not sure how I feel about the book. It feels decent. Might try alternatives.,neutral
991,The phone exceeded my expectations. Truly excellent. Five stars!,positive
992,"The game is acceptable, nothing special but nothing wrong either. Support replied in a day.",neutral
993,"It is an okay game, neither good nor bad. Support replied in a day.",neutral
994,What a outstanding app! I will definitely buy again. Customer service was helpful too.,positive
995,The app exceeded my expectations. Truly brilliant. Fast and smooth.,positive
996,"Loved the game, wonderful experience from start to finish. Five stars!",positive
997,"It is a fine book, neither good nor bad. Support replied in a day.",neutral
998,I would highly recommend this laptop. Outstanding quality and great value. Customer service was helpful too.,positive
999,"Hated the book, unreliable experience from start to finish. Arrived late and damaged.",negative
1000,"This headphones is top-notch, I absolutely love it! Customer service was helpful too.",positive
